N,BlockSpeedup,WarpSpeedup
3771757,1.0060889929706607,1.0032695002341145
10000000,1.1170252225529698,1.0493031358903304
90000000,1.1670151681107739,1.1655451320977939
170000000,1.228955072830317,1.2293105318344926
490000000,1.312556188192995,1.3448388355476075
730000000,1.3152096416213175,1.4072918327853876
1130000000,1.286801552038635,1.4685765213042474
1530000000,1.2674941274903015,1.4986537247637988
1950000000,1.2575819360499785,1.5147553473443212
